X001T1,X002T1,X003T1,X004T1,X005T1,X006T1,X007T1,X008T1,X009T1,X010T1,X011T1,X012T1,X013T1,X014T1,X015T1,X016T1,X017T1,X018T1,X019T1,X020T1,X021T1,X022T1,X023T1,X024T1,X025T1,X026T1,X027T1,X028T1,X029T1,X030T1,X031T1,X032T1,X033T1,X034T1,X035T1,X036T1,X037T1,X038T1,X039T1,X040T1,X041T1,X042T1,X043T1,X044T1,X045T1,X046T1,X047T1,X048T1,X049T1,X050T1
0.0397463433024141,0.0363215171501274,0.0366740114256597,0.0374185832679758,0.0360091460959711,0.0355854687752059,0.035139631677423,0.0352926936976649,0.0348739403210996,0.0354443588409057,0.0367008520785275,0.0361026669821035,0.0368901561553597,0.0362284313893294,0.0361731937687097,0.0353102410680529,0.0348076493076521,0.0356423502525697,0.036443741136768,0.0357200408139173,0.0358272550690873,0.0357117347045015,0.0342074091952358,0.035761344139237,0.0356923705074916,0.0350860451030889,0.0366548514859948,0.0348940687819316,0.0353655809950091,0.0365396889489323,0.0356897896079387,0.0356738642628678,0.0370401501512119,0.0362049057946873,0.0343235525070401,0.0365128484500498,0.036483971182707,0.0346894628571549,0.0365854766240085,0.036243845958214,0.0354705649279488,0.0350743857821366,0.035857942147309,0.0351057372107365,0.0358740009023765,0.0355762294843377,0.0344896864330382,0.0361408830488606,0.0365860875280346,0.0350810192165726
0.0374185832679758,0.0386206530574603,0.0386569459924258,0.0427155670232936,0.0385702307630976,0.0376768594318953,0.0377207673819232,0.0373323094490314,0.0368816267080416,0.0373914132280404,0.0383354263932884,0.0379813291641311,0.0387714551393427,0.0385500423845233,0.038892445449525,0.0377430611601995,0.0362698438685816,0.0379488568727984,0.0386306042704776,0.0381165999489322,0.0372377685090485,0.0382939170386092,0.0364632694066501,0.0374542301141012,0.0385609582655385,0.0380139383491482,0.0382159829696646,0.0365522089360957,0.0373378558974313,0.0374015882374499,0.0379723561235794,0.038537491084922,0.0397472921779722,0.0386178785340855,0.036977036181841,0.0386756589284053,0.0386054028648542,0.0373946189612084,0.0385482382936554,0.0387690867259823,0.037428814119587,0.0375142316184645,0.0374586162923026,0.0367095943639548,0.037789049502,0.0379617015387545,0.0366427678559269,0.0377505399001592,0.0391426070288873,0.0374400520663384
0.035139631677423,0.0367475708867002,0.0363967769021768,0.0377207673819232,0.0367715742393457,0.0352432734161643,0.0385975418345673,0.0355365763147481,0.0349857916044548,0.035412564847942,0.0360192188644496,0.0360629383233547,0.0363669230416589,0.0364157886260403,0.0359076113075338,0.0355911059723428,0.0348935443573648,0.0363659271702555,0.0363695748820049,0.0354816212830367,0.0347008180822053,0.036168028995499,0.0345334694847721,0.0356070112874311,0.0358486923076867,0.0360233496899394,0.0363592779947224,0.0343430796798329,0.0358289118897054,0.0356276101415036,0.0358823990109259,0.0365867422634826,0.0377984810949571,0.0364311333486085,0.0351436374216955,0.0362955283701175,0.0363674011784767,0.0358406450602609,0.0361901201737898,0.0368847354555904,0.0354559769743684,0.0355259237004255,0.0358548360777976,0.0349215936724586,0.0359238079782807,0.0351068472559118,0.0348678858448195,0.0357697127608467,0.0367896032986986,0.03517675581834
0.0354443588409057,0.0365985072054579,0.0369995677741449,0.0373914132280404,0.0361533697934783,0.0355500579603652,0.035412564847942,0.0355800481644829,0.0350811613702986,0.0384628576085087,0.0366365622425292,0.0361282358968032,0.0367678127544939,0.0359358575180189,0.0362744951699123,0.0356611463807596,0.0350203464973717,0.0361175263053152,0.0361100074691055,0.0357802612273375,0.035027060663045,0.0358667393970159,0.0344544808006947,0.0355653405688852,0.035869930670697,0.0359736374086674,0.0365863690232876,0.0344481307833986,0.0354775878287433,0.0357574258658959,0.0358092774633569,0.0363295865313901,0.0373677811214961,0.0360814738263932,0.0346274286565236,0.0366964223865992,0.0367371503861388,0.0352483235904677,0.0363757475678912,0.0364290544558618,0.0354331951764628,0.035449446885791,0.0360838432452841,0.0348958813876649,0.0355688045724168,0.0355992800409018,0.0342538078208712,0.0355338700196446,0.0366529559652363,0.035499867215067
0.0368901561553597,0.0377077902338124,0.0381957940658074,0.0387714551393427,0.0377590464720529,0.0365714350075808,0.0363669230416589,0.0365046737374614,0.0356809479309916,0.0367678127544939,0.0379315780236157,0.0373338200961741,0.0415046810338542,0.0376602522204918,0.0375079467782067,0.0363950036113697,0.0360690359293482,0.0373613482991119,0.0369872062770235,0.0372090728447007,0.0367816094805729,0.0370467313877901,0.0356738059166328,0.036934463576502,0.0369552357611512,0.0368442061701961,0.0380950199874243,0.0360995550934104,0.0366908937759469,0.0370749623037586,0.0374527728612085,0.0368282483876913,0.0388079437395507,0.0374160254559898,0.0355732065340346,0.0372380563035545,0.038114225369688,0.0366585326935435,0.0375928350981204,0.0376850113740846,0.0366051403819342,0.0363373981535566,0.0373192363283755,0.0361583422034787,0.0372808414942176,0.0361632972066189,0.0358921804450479,0.0369749508890754,0.0383456095977404,0.0362099629404116
0.0353102410680529,0.0369782919194348,0.0370100876104436,0.0377430611601995,0.0365173408238304,0.0362061007860723,0.0355911059723428,0.0357931016428218,0.0352239318404338,0.0356611463807596,0.0367055183092159,0.0357652181809603,0.0363950036113697,0.0369132274172135,0.0364796871941435,0.038912983280829,0.0348591920770131,0.0366955868154444,0.0366505471760439,0.0362610020040752,0.0355081692016785,0.0364473268275688,0.0347827909357467,0.0358752904210127,0.0358930174040278,0.0361665624059562,0.03637346661266,0.0351259078535181,0.0357296174285906,0.0355676324815014,0.0364994690757092,0.0366004414156367,0.0379697402961137,0.0365245254260201,0.0356971860061759,0.0365897968646991,0.0363099786387035,0.0355787278665784,0.036383173291801,0.0367060232301544,0.0356102130952774,0.0356145483605037,0.0358035589208065,0.0352515775256164,0.0356594867355984,0.0359259202939299,0.0349004596502776,0.0358590703587042,0.0374769101709096,0.0357613690147073
0.036443741136768,0.0375388008490994,0.0373859937164668,0.0386306042704776,0.037601049178949,0.0362611659223345,0.0363695748820049,0.0361147618193917,0.0359208981807966,0.0361100074691055,0.037039478834467,0.0367751045394819,0.0369872062770235,0.0375344533655537,0.0371242451842592,0.0366505471760439,0.0353108346765473,0.0367650969029768,0.0405074665504302,0.036504066513593,0.0361627232175482,0.037010238246138,0.034764988765304,0.0366358718926025,0.0365418355926327,0.0362411374659281,0.036930997146314,0.0353809439236232,0.0363132520151644,0.0363635754151023,0.036459760152817,0.0373896806416297,0.0384250931963732,0.0375169972448996,0.0360277538517831,0.0377493489911732,0.0370461685891705,0.0361068492586787,0.0372274536587076,0.0375604170061129,0.0361794867288167,0.0362453855319797,0.0363114710377158,0.035495146313059,0.0367175053057221,0.0364365170920173,0.0355786421746024,0.0364978848384683,0.0378763268348915,0.036268611771668
0.0357117347045015,0.037263605745065,0.0371180195788565,0.0382939170386092,0.0371535456414198,0.0362048083682835,0.036168028995499,0.0363258697097755,0.0355846591409603,0.0358667393970159,0.036821088698358,0.0366266192405619,0.0370467313877901,0.037398162829995,0.0366750411570329,0.0364473268275688,0.0353684235630116,0.0369427951400098,0.037010238246138,0.0365381823586581,0.0358915115530717,0.0396714806028699,0.0351237195647724,0.036088143382529,0.03623215422808,0.0365144722928926,0.0373318558981794,0.0352953847839256,0.0363130247933847,0.0361349368741526,0.0366202254188476,0.0369595822422256,0.0385800737423064,0.0373954257496911,0.0355688126980238,0.0372754264179646,0.0373271071420761,0.0360947209164897,0.0371435551646507,0.0374916383455968,0.0360953186529139,0.0359033277319496,0.0366084910954932,0.0358896920618645,0.0361874511047279,0.0361330342378781,0.0352612931465776,0.0361997712725448,0.0375454767336807,0.0359412753896529
0.0356923705074916,0.0367130099067114,0.0369906204888033,0.0385609582655385,0.0369794285896647,0.0360303339623578,0.0358486923076867,0.0357737457480377,0.0353191622895392,0.035869930670697,0.0364792076568233,0.0361256435423137,0.0369552357611512,0.0369544959959366,0.0368830176790004,0.0358930174040278,0.0349826013564177,0.036099042244072,0.0365418355926327,0.0364858224217816,0.0356957772413119,0.03623215422808,0.0346562736007208,0.0360814199070668,0.0394076696815084,0.0361380729054121,0.0366338155068174,0.035177267949731,0.0356449545654635,0.0362107198898681,0.0365837071766414,0.0364767190460594,0.037771842314813,0.0367425232006921,0.0353074056049873,0.0369174123130266,0.036667412890294,0.0361566368223891,0.0369919658894782,0.037297424890785,0.0358969375645685,0.0358351635453334,0.0359364964947757,0.0352781814334261,0.0362670723684943,0.0358984530806491,0.0352046325233842,0.0361759793567363,0.0374469584418108,0.035669563905725
0.0348940687819316,0.0358078970394965,0.0358339531750345,0.0365522089360957,0.0354291195031048,0.035016488333614,0.0343430796798329,0.034718219662719,0.0340788323018533,0.0344481307833986,0.0359008230017694,0.0352044099053982,0.0360995550934104,0.0362735603364438,0.0355060613670103,0.0351259078535181,0.0338802161191753,0.0355634402384448,0.0353809439236232,0.0352083039951621,0.0350286985508265,0.0352953847839256,0.0337024134172092,0.0348241416206648,0.035177267949731,0.0346897729928805,0.0359493482976535,0.0383225092689011,0.0345452177295363,0.0352519802938633,0.0350560584562817,0.0356181824731002,0.0371565631771431,0.035845187087234,0.0340478463759495,0.0356853070768752,0.0361173955611158,0.0348514912509588,0.0356949596787983,0.0358248199100681,0.0348176711233394,0.0345366893137816,0.0350773297650888,0.0347914890278062,0.0355213914024589,0.0345131767542162,0.0340499715836666,0.0351076470239172,0.0362715174935685,0.0347571605232358
0.0356897896079387,0.0373282580273285,0.0376171955899014,0.0379723561235794,0.0371958115014196,0.0363506697487652,0.0358823990109259,0.0364715293301713,0.0352859201474316,0.0358092774633569,0.0373115934587876,0.0366997683215981,0.0374527728612085,0.0370500033533157,0.0369557418544803,0.0364994690757092,0.0355466420056265,0.0371476689606649,0.036459760152817,0.0370016963601813,0.035974018248577,0.0366202254188476,0.0355120632962766,0.0361725990843149,0.0365837071766413,0.0359691269909055,0.0371539764076421,0.0350560584562817,0.0358991653937655,0.0361922248150516,0.0397352448555499,0.0365840317626395,0.038417351744821,0.0370830057144796,0.0355494637995926,0.0369565316307695,0.0373172615760444,0.035599307349843,0.036791088505782,0.0371760424758866,0.0357355983423493,0.0361676255721685,0.0362509659432756,0.0356140799577649,0.0361150135550634,0.0359378846836991,0.0350415029035957,0.0363646057468985,0.0375708098425158,0.0359477583526317
0.0362049057946873,0.0377189966177888,0.0373374376278495,0.0386178785340855,0.0375504787337517,0.036669801645824,0.0364311333486085,0.0364862322072763,0.0359639793179048,0.0360814738263932,0.0369758169844288,0.0369256480235292,0.0374160254559898,0.0380610876662001,0.0371086684420563,0.0365245254260201,0.0355706646208086,0.0371737669671609,0.0375169972448996,0.0367201073644065,0.0368697762902102,0.0373954257496911,0.0356976505935474,0.0364527026112511,0.036742523200692,0.0366952841257139,0.0375635650346286,0.035845187087234,0.0364478220718708,0.0364651506839389,0.0370830057144796,0.0372495112035581,0.0390460662052551,0.0404408871501579,0.0360196714244117,0.03746897277502,0.0377469310846521,0.0365184149921884,0.0371256246601862,0.0374434804412715,0.036256625170513,0.036176006429767,0.0367114067749782,0.0358908931684889,0.0369597908666453,0.036684237828175,0.035758872483482,0.0367857266052882,0.0383308040828118,0.0360413602044421
0.036483971182707,0.0380032516545726,0.0378233532763366,0.0386054028648542,0.0371791068488638,0.0365881532975668,0.0363674011784767,0.0366089801667079,0.0358256307886495,0.0367371503861388,0.037613235905823,0.0370396068660536,0.038114225369688,0.0376288551763291,0.0372121189625431,0.0363099786387035,0.0356585934886678,0.03736622497481,0.0370461685891705,0.0369352344313544,0.0367642204120345,0.0373271071420761,0.0357766191451837,0.0365599365563959,0.036667412890294,0.0363175885676591,0.0381207867023535,0.0361173955611158,0.0366155026619049,0.0369342239174602,0.0373172615760444,0.0367743645464298,0.039003311717099,0.0377469310846521,0.035826406956566,0.0375555037826293,0.0406393323400887,0.0366945079092343,0.0376249904502584,0.0375057724421048,0.0365407606353038,0.0361021080601723,0.0366991403317676,0.0367033986687643,0.0371744428499834,0.036454106162269,0.0353878151196567,0.0365872297685373,0.037755425890443,0.0362306266712641
0.036243845958214,0.0380182933448418,0.0378388885502621,0.0387690867259823,0.0377401337176317,0.0363506993486031,0.0368847354555904,0.0364597477420178,0.035829729624102,0.0364290544558618,0.0371787735206466,0.0367448833285488,0.0376850113740846,0.037881245909477,0.0373769282287682,0.0367060232301544,0.0358270924326896,0.0373746978986351,0.0375604170061129,0.0369193347727062,0.0362447612541019,0.0374916383455968,0.0352646022056658,0.0366023127643444,0.037297424890785,0.0371162074649643,0.0377242177869294,0.0358248199100681,0.0364820014757818,0.0367628629305439,0.0371760424758866,0.0372446797979291,0.0390257922354346,0.0374434804412715,0.0359001667206666,0.0378069696345734,0.0375057724421048,0.0368754118844098,0.0374045249337313,0.0407543476061296,0.0367705910320406,0.0366949859088544,0.0368731733380029,0.0359469759362425,0.0371801905727428,0.0360651450355129,0.0359006483457244,0.0366309474376887,0.0379002731308248,0.0363145735239934
0.035857942147309,0.0371549039138868,0.0371501690835981,0.0374586162923026,0.0364187879403874,0.0352666822464843,0.0358548360777976,0.0361079073299892,0.0356656135362313,0.0360838432452841,0.0367081552708302,0.0371031271240602,0.0373192363283755,0.0362701068653491,0.0360488571710509,0.0358035589208065,0.035794464493172,0.0362735899099093,0.0363114710377158,0.036174546495991,0.0353149783292856,0.0366084910954932,0.0347921671549923,0.0356376822569077,0.0359364964947757,0.036255487300178,0.0369486443549098,0.0350773297650888,0.0362440485193851,0.0366715427805537,0.0362509659432756,0.0376072057373789,0.0381067314886747,0.0367114067749782,0.0347871823385575,0.0365963727547618,0.0366991403317676,0.0360813056609107,0.0365427563113002,0.0368731733380029,0.0356302120076856,0.0360637925873204,0.0398929038223565,0.0349107971469486,0.0360659281367479,0.0354171359306266,0.034880913402695,0.0362984813428987,0.0369633078947306,0.0354642981265652
0.0355762294843377,0.0362250359406698,0.0364469199888273,0.0379617015387545,0.0363651624900155,0.035769338629367,0.0351068472559118,0.035685379515367,0.035294735248744,0.0355992800409018,0.0371424647543768,0.0358672683330956,0.0361632972066189,0.0360184323283584,0.0363308071248775,0.0359259202939299,0.0346521457641688,0.036260488660555,0.0364365170920173,0.0362538912892977,0.0354662569470999,0.0361330342378781,0.0342761575318605,0.035994649075581,0.0358984530806491,0.0359979140955264,0.0364635417133563,0.0345131767542162,0.0353642143231807,0.0354505854517983,0.0359378846836991,0.0358695364543798,0.0370873710225075,0.036684237828175,0.0350285532857183,0.0368842935879313,0.036454106162269,0.0350963377568663,0.0364461621013314,0.0360651450355129,0.0352893401913606,0.035472025377543,0.0354171359306266,0.0347088413528552,0.0356909350431153,0.0395354980178497,0.0342870864840802,0.0356272034410704,0.0375821568815813,0.0354483908511876
0.0365860875280346,0.0382213186579226,0.0379750824440027,0.0391426070288873,0.0381647021772557,0.0373951109037832,0.0367896032986986,0.0373168980901684,0.0366820739189161,0.0366529559652363,0.0384203875914278,0.0374733433895196,0.0383456095977404,0.037946942548385,0.0381455897353206,0.0374769101709096,0.0360054829105923,0.0378156693194472,0.0378763268348915,0.0375702970886278,0.0368017325823766,0.0375454767336807,0.0357936630407901,0.0370550766615281,0.0374469584418108,0.0374367358173501,0.0376975104981554,0.0362715174935685,0.0366415401759649,0.0368138420769586,0.0375708098425158,0.0379730054127057,0.0393057206985293,0.0383308040828118,0.0368341160711649,0.0379024308281063,0.037755425890443,0.0366405204380633,0.037671968982272,0.0379002731308248,0.0365049416477613,0.0370705265448527,0.0369633078947306,0.0360161542007516,0.0371716433350071,0.0375821568815813,0.0361053314595348,0.0369365290075192,0.0415222450708689,0.0372620408939812
-0.0135206029568968,-0.0111338358483324,-0.0128610813742419,-0.0130110123592912,-0.0128897293558278,-0.0119207491613352,-0.0127051499962394,-0.0123872469586976,-0.0125651833115713,-0.013249220452386,-0.0131358669982546,-0.0139325559449094,-0.013272021766592,-0.0128811719677984,-0.0127035857941726,-0.0122176139144061,-0.0129640084591243,-0.012159778085328,-0.012820044185068,-0.0125057754269632,-0.012349376762072,-0.0129628189370748,-0.0125438301627017,-0.0127402664493511,-0.012600363970766,-0.0124499475688629,-0.0129207289778596,-0.0124771726196189,-0.0131058394185902,-0.0133701526689337,-0.0124558343803664,-0.0139224044792802,-0.0127959520998406,-0.0129266679835971,-0.0112341890311197,-0.0134499616606295,-0.0132452737435314,-0.0128360293597502,-0.0133762196759452,-0.0133217822199266,-0.0125714565886604,-0.0134224380408806,-0.01435579780339,-0.0122714901038716,-0.0128985008383139,-0.0122141053297599,-0.0125431410062533,-0.013438552728559,-0.0124509375629684,-0.0124529717592181
-0.014866795098604,-0.01475994957268,-0.0145784473816348,-0.0145563832323685,-0.0122627942593421,-0.0134669121762692,-0.0144956004831141,-0.0142361486271312,-0.0142085329819645,-0.0146562994486655,-0.0144622524517532,-0.0150459409895631,-0.0147417374757114,-0.0145079329533489,-0.0141146248426048,-0.0139565227084274,-0.0142535078665203,-0.0138803012562381,-0.0146701645770009,-0.014421437938872,-0.0137886363049703,-0.014436227015899,-0.0139477231425194,-0.0137557859472354,-0.0138610301126667,-0.0142297762416137,-0.0148080931910873,-0.01388551763461,-0.0150497561066547,-0.014883234872944,-0.0139268998268705,-0.0155151865042285,-0.014562274611669,-0.0143077251020753,-0.0133238187660963,-0.0148072267125848,-0.0150529978326559,-0.0144087213457924,-0.0148999325106727,-0.0145813934462524,-0.0137623982367763,-0.0146826819197032,-0.0158547716927385,-0.0138511814115077,-0.0142843083176344,-0.0139351681716042,-0.01354788744528,-0.0150115433793321,-0.0142074511742304,-0.0141280463069574
-0.015411568186246,-0.0152463203159512,-0.0148674862327392,-0.015232815298966,-0.014847423014322,-0.0140139413082231,-0.0150707856496828,-0.0128387078489885,-0.0147319327456353,-0.0149686569488516,-0.0148415761814746,-0.0154427677913336,-0.0151744781265382,-0.0150130786883364,-0.0147589033849623,-0.0142156492806317,-0.014455903627099,-0.0142274186839739,-0.0152277763818166,-0.0144955922079181,-0.0141625126556712,-0.0147587605478734,-0.014250012218543,-0.0144064376764592,-0.0144523371090879,-0.0146966163567798,-0.0149961622085106,-0.0141983015454204,-0.0150146472451451,-0.0151104225393043,-0.0143899301691727,-0.0164854448585553,-0.0153072639642703,-0.0147671864945237,-0.0137884026933527,-0.0151946972742996,-0.0152214103105093,-0.0149641740499149,-0.0153154832000081,-0.0153343316985081,-0.0141479110581506,-0.0152496143660222,-0.0161148972535006,-0.0143236839128044,-0.0148041762677264,-0.0141657110457627,-0.0142812300380192,-0.0157154598234515,-0.0146231494241901,-0.0146683161783367
-0.0153510405088034,-0.0152912089893672,-0.0149083612094773,-0.0154896479248848,-0.0145773197732446,-0.0138845121292832,-0.0151250067755575,-0.0145273859054532,-0.0146479595037631,-0.0150344894215199,-0.012448323198646,-0.0153144109112749,-0.0150459778997277,-0.0150204749204451,-0.0143913168610388,-0.0141517979052819,-0.0145044894826531,-0.0138988579428186,-0.0151860875764929,-0.0143136238305944,-0.0136882531299182,-0.0148896155348173,-0.0141569039806433,-0.0143101848251884,-0.0145092456392586,-0.0147842922299078,-0.0147807727234512,-0.0141659962593035,-0.0153681041350461,-0.0152893021301668,-0.0140255927058223,-0.0163780677370768,-0.0154182461733115,-0.014756645388145,-0.0136387788290441,-0.0151799051452178,-0.0151597879316841,-0.0151630655283878,-0.0153923025913398,-0.0152775419053698,-0.0143842708976611,-0.0152940867900416,-0.0161946214118606,-0.0144712214937572,-0.0146211690936858,-0.0141379784380152,-0.0143986342173954,-0.0154800121608971,-0.0143877458840729,-0.0144520023263032
-0.0149521482217448,-0.0149520927629657,-0.0149067868965435,-0.0149197941732142,-0.0144321473496482,-0.013803619947493,-0.0147879432751996,-0.014685773852406,-0.0147089892348028,-0.0153718983564046,-0.0148690779042818,-0.0156962702731356,-0.0148068064558114,-0.0123718531793818,-0.0143273212371851,-0.0141482284281165,-0.0145946679757927,-0.0141906180115026,-0.0148005532600911,-0.0143197805509642,-0.0138138711761566,-0.0145360637655449,-0.0141833034499657,-0.0143704298304578,-0.0141622198961859,-0.0148242625590681,-0.014943286586,-0.0136594577638785,-0.0153901870910615,-0.015065257063372,-0.0141323480311737,-0.0159344017645969,-0.014906628699243,-0.0143173873318561,-0.0134348810035319,-0.0151712299541171,-0.0152735738505551,-0.0144836360040384,-0.0150471916961129,-0.0146500504002257,-0.0142068624134864,-0.015131131913982,-0.0160014831495531,-0.0138204289860791,-0.0142644485041061,-0.0143400220435536,-0.0137853265567287,-0.015136649984749,-0.0145405280842515,-0.0145828221895984
-0.0158995403012771,-0.0155879212285312,-0.0154589825240634,-0.0157265280432008,-0.015394137986034,-0.0147216250332466,-0.0153434337859311,-0.0151352931499123,-0.0150344589383885,-0.0153318353787727,-0.0156561057079362,-0.0161520201955547,-0.0155942110507698,-0.0155069176130419,-0.0151517010716188,-0.0150236920780752,-0.0131185807676133,-0.0147329022768161,-0.0157456462981322,-0.0152338527097444,-0.0148333073224123,-0.0152837979927408,-0.0145051786063578,-0.0147481588018206,-0.0149931392762863,-0.0148737556242578,-0.0154493172340346,-0.0150510383579716,-0.0152874275960836,-0.0156761175357201,-0.0148199825725233,-0.0167347169033505,-0.0157947741689649,-0.0154923787648974,-0.0142640505004491,-0.0159709663281575,-0.0156959048677696,-0.0155514997960591,-0.0159928668972887,-0.0157924467350173,-0.0148993059200072,-0.0156153844692908,-0.0165126070861131,-0.0149021650374347,-0.0151193054209046,-0.0150246397047809,-0.0147262531053559,-0.0160838069033871,-0.0155275473654996,-0.0151097756318081
-0.0145410817302437,-0.0143634164252072,-0.0140228469534007,-0.0142154472294617,-0.0138213868061503,-0.0130505919370656,-0.0139754283698936,-0.0134825369803013,-0.0136777182799775,-0.0142913820006691,-0.0138715700474847,-0.0147138324315765,-0.0142325959947517,-0.0138610439590204,-0.013606579530569,-0.0132764639811255,-0.0136191121063507,-0.0134084711133241,-0.0142791198800226,-0.0115661764999387,-0.0131584109020866,-0.0139201492041058,-0.0133225877706079,-0.013614181770472,-0.0133193717981202,-0.0133655779987431,-0.0141164548247512,-0.0134399405942424,-0.0143296401961947,-0.0144746610925659,-0.013163382083518,-0.015508034713853,-0.0145840028516877,-0.0139084934491761,-0.012525488639761,-0.0143311254965869,-0.0144117208337644,-0.0140294934986134,-0.0145214518861388,-0.0142833456110425,-0.0134071892837247,-0.0142731992398863,-0.0152709324783685,-0.0134497817025574,-0.0138236056979525,-0.0131967907874141,-0.0136037670198667,-0.0146494265383847,-0.0137078713146908,-0.0135025409254397
-0.0158721126947218,-0.0159750522869836,-0.015713178893601,-0.0157834509881795,-0.0155470882462764,-0.0146508258262447,-0.0156004340308161,-0.0153921579648331,-0.0153874618913352,-0.0157564723042307,-0.0158598343964568,-0.0161924014130822,-0.015826490692474,-0.0157240909787505,-0.0153501134365136,-0.0153431503469601,-0.014969527322085,-0.014947243968708,-0.0160241644068133,-0.0155595228373587,-0.0150580608998894,-0.0154714458189086,-0.0130305351214867,-0.0152028221124808,-0.0150295778093378,-0.0151566580306291,-0.0156073868409144,-0.0147392139482617,-0.0159911713605129,-0.0159666174918962,-0.0150179672251368,-0.0168015494008429,-0.0159844070442562,-0.0153747739786168,-0.0144005827090467,-0.0160718426295205,-0.0157885743908756,-0.0155420824008186,-0.0158118362164318,-0.0158674572048285,-0.0150197998339568,-0.0157051003443932,-0.0168282645623942,-0.0149275364202266,-0.0152263611225034,-0.0154096801180142,-0.0148143958607691,-0.016158200288434,-0.0155994790415775,-0.0154358335540385
-0.0149695764438881,-0.0146905802352786,-0.0145545318034999,-0.0147545394543482,-0.0142952825455851,-0.0137861154370389,-0.0143856283449,-0.014045285396344,-0.0137825660892176,-0.0145523770221852,-0.0145741615307016,-0.0151848864996414,-0.01457705523611,-0.0145175209475858,-0.0142138632977928,-0.0138979000979175,-0.014069524517717,-0.0137284034279603,-0.0146094080760617,-0.0140756655299872,-0.0138010762225747,-0.0144509773223672,-0.0138884215849154,-0.0138738004120763,-0.0140122541701293,-0.0116426824724612,-0.0144966359077976,-0.0139645308524862,-0.0148311398837125,-0.0149521333417345,-0.0144207842905525,-0.0154225006830655,-0.0146513833263404,-0.014339828553618,-0.012790787869234,-0.0148286621567384,-0.0147965725525409,-0.014512474593693,-0.0148399940678944,-0.0146831793826041,-0.013961737003743,-0.0146500679454975,-0.0157455496815127,-0.0140641070900462,-0.0141574275852377,-0.0138218805825679,-0.0137923325324737,-0.0151478656621892,-0.0140599920856501,-0.0140792252580389
-0.0145861275128221,-0.014399240050017,-0.0144798655557833,-0.0146560721489348,-0.0141174193424846,-0.0132815199745879,-0.0141914356284321,-0.0136999922560068,-0.0138350480878243,-0.0143342307487924,-0.0140890882156814,-0.0148052279526536,-0.0145268208193348,-0.0143492908073777,-0.0138597823322119,-0.0134982809063331,-0.0139142459962946,-0.0135864064476932,-0.0143081557234707,-0.0137575812659338,-0.0134445564355658,-0.0141775651100321,-0.0137762545179543,-0.0135809434221344,-0.0137782326579163,-0.0138974704331463,-0.0142779809338436,-0.01373902742028,-0.0124796206225332,-0.0144438892199704,-0.0137938361580232,-0.015653899139654,-0.0144501458513147,-0.0139986645444099,-0.0130582396184973,-0.0148025708433352,-0.014443400770995,-0.0142958306410873,-0.0144009859184055,-0.0147493513547615,-0.0134168396703246,-0.0144668437712227,-0.0153489225987871,-0.0133998802614111,-0.0141000209058301,-0.0133421638937917,-0.0135795799776446,-0.0149709267022526,-0.0139826799249881,-0.0136646007677955
-0.0147657913250656,-0.014529304844268,-0.014375771457963,-0.0142446897935634,-0.0140689988310829,-0.0135685163415473,-0.0140599628213996,-0.0139927853303011,-0.0139148707563978,-0.0143500408553024,-0.0146723951729133,-0.0146917928943764,-0.0143665498227009,-0.0141866260965601,-0.0139216592244768,-0.0139056605149072,-0.0139962745738393,-0.0136249293122059,-0.0141686264494644,-0.0140642875683304,-0.0139608358778062,-0.0142242526847827,-0.0138987611722793,-0.0141274264953185,-0.0138213478169107,-0.0134588735640734,-0.0147429999186941,-0.0138291350230765,-0.0142386259255269,-0.0146144284296185,-0.0139052365538492,-0.0129977963174849,-0.0143228490249722,-0.0143045652536125,-0.0130161139133939,-0.0148604879006471,-0.0148753379329947,-0.0140829324284811,-0.0147912352041061,-0.0145180733403039,-0.0137279645544093,-0.0143162581778592,-0.0150241684448974,-0.0136502395119071,-0.0143418653359994,-0.0136976236036575,-0.0136401235515211,-0.0147074300660917,-0.0143016411631326,-0.0139464319326176
-0.0154955851396159,-0.0153973382688155,-0.0153696662829111,-0.0153639302787865,-0.0149251028337096,-0.0140390227229609,-0.0151865967731238,-0.0148800412600441,-0.0148319862398096,-0.0155535806512172,-0.0153062043830765,-0.016146631242398,-0.0153994966597921,-0.0150328323668455,-0.0147287233357742,-0.014598847143348,-0.0149550366272531,-0.0144342328078005,-0.0153974686511899,-0.0146970838394066,-0.0143798993550742,-0.0155617974212557,-0.0144962983755138,-0.0147864809126954,-0.0147504749841615,-0.0144893572734507,-0.0153279980070243,-0.0147578718662866,-0.0156541375828419,-0.0155540555739031,-0.0148278483252803,-0.0165235042421578,-0.0153939007799224,-0.0152401539192952,-0.0118078787799411,-0.0157434511494862,-0.0155984652547067,-0.0153537471961327,-0.015656632658938,-0.0155301322775721,-0.0148218090167861,-0.0154646689251088,-0.0169183078813128,-0.0146914109263292,-0.0149212277067247,-0.0147396884567539,-0.0146575430057263,-0.0159467250836347,-0.0149666779347987,-0.0148335213261267
-0.015577655478458,-0.0156169482157179,-0.0155047774527952,-0.015534116658414,-0.0151183351217958,-0.0145367844554428,-0.0149966909349373,-0.014954027224168,-0.014903790587383,-0.0154032215905139,-0.0155376999861923,-0.0158146245512234,-0.0156437139698634,-0.0151223222751395,-0.0152657551140318,-0.0150245756432172,-0.0149047225694639,-0.0148058900465832,-0.0155243173010772,-0.0149762683848377,-0.0147881626058787,-0.0150482002801758,-0.0149071705663182,-0.0148870936450475,-0.0148009208666429,-0.0150721644028202,-0.0155325772146757,-0.0148720643987792,-0.0153158235373223,-0.0154379262378813,-0.0152114235285462,-0.0165147108433462,-0.0157718812347933,-0.0153565200488779,-0.0140535212498066,-0.0158751424210615,-0.0155233224642094,-0.0132993789845669,-0.0154743233096526,-0.0155032797246538,-0.0144622285546531,-0.0156180714930747,-0.0162862628804829,-0.014646298956038,-0.0151072865767508,-0.0150893619059304,-0.0142968034858712,-0.0159075700152041,-0.0155812469671953,-0.0149233911329876
-0.015097454178924,-0.0150775556621035,-0.0148078177176266,-0.0151132215312367,-0.0143553154766315,-0.0139783846205677,-0.0150655397822729,-0.0142549308014858,-0.0145788981724787,-0.0149844962493341,-0.0148541618957404,-0.0155201352802702,-0.0149514345078095,-0.0149244693313879,-0.0144268563850737,-0.0141281453384813,-0.0147028464862353,-0.014220855172491,-0.0150625792966237,-0.0144445469135085,-0.0142293134017146,-0.0146766264878549,-0.0144599929617157,-0.0140787407037371,-0.0142094007455469,-0.014432592935179,-0.0148558723966833,-0.0141434437408677,-0.0151213916339417,-0.0150824034017196,-0.0145029751142194,-0.0162917744740615,-0.0150953146030792,-0.0148967737806342,-0.0137544989346735,-0.0151561055720118,-0.0150604625638214,-0.0148426138023032,-0.0149875324964148,-0.0150458326290226,-0.0124121426665776,-0.015202241578873,-0.0161700452726516,-0.0142872368652853,-0.0146943846100789,-0.0141185844799327,-0.0142869240502914,-0.0152853650652122,-0.0146844149995664,-0.0144362592114325
-0.0162251403868991,-0.0161319345365565,-0.0159332424704586,-0.0162553404210524,-0.0158506260477831,-0.0147626144363792,-0.015960711013591,-0.0154928326867435,-0.015626185243341,-0.0162536742567377,-0.0160336874776011,-0.0167597418327071,-0.0163111423361321,-0.0157771597408548,-0.0154359231486945,-0.0153330962747006,-0.0156559853101953,-0.0154417180171127,-0.0161083433114045,-0.0154796915351014,-0.0149424258916955,-0.0157293174626694,-0.0152136941204249,-0.0154566081723527,-0.0152774624887562,-0.0157208026753444,-0.015922414235354,-0.0149959694133701,-0.0162544117280485,-0.0164657043155868,-0.0155639616325553,-0.0175287729383381,-0.0161987307766692,-0.015824278146197,-0.0145781085506814,-0.0162576603224251,-0.0162457326688685,-0.0158199627649142,-0.0160492927764324,-0.0163998751331542,-0.0152242481477379,-0.016162230669224,-0.0172272387541927,-0.0133648706076273,-0.0156118724091245,-0.0152101949460853,-0.0151421367846931,-0.0163806723723133,-0.0159834918333069,-0.0156469146393127
-0.0163518343542949,-0.0166090262668076,-0.0164720961313937,-0.0163514476206819,-0.0156935758172882,-0.0149624974813324,-0.0160998140494987,-0.0159144981540474,-0.0158392443287951,-0.0164690319506874,-0.0162045497351592,-0.0168954709562308,-0.0161945610188922,-0.0157996065820434,-0.0158448065437878,-0.0155448152075596,-0.0160325720873836,-0.015468425533671,-0.0165929168068592,-0.015941088495533,-0.0152606511018251,-0.0161303100138673,-0.0156640037277383,-0.0154476423358279,-0.0155928353881631,-0.0160122137471817,-0.016279848932677,-0.0153166774400267,-0.0165569656279595,-0.016476666595992,-0.0157286756286221,-0.0175273326093744,-0.0166318939918399,-0.0160945397685405,-0.0149157152200137,-0.0167156362249997,-0.0165018142288521,-0.0161789915950393,-0.0164723125279179,-0.0162758590295282,-0.0152093681828432,-0.0164917557894243,-0.0174942796344486,-0.0155073660671716,-0.0156800167456312,-0.0157301216578829,-0.0133583597781287,-0.0168030107108496,-0.0160963005847083,-0.0156707002485092
-0.0150496876370528,-0.0152186199348399,-0.0151505015604455,-0.0150128371739173,-0.0143370231888179,-0.0139064208927793,-0.0149550125016343,-0.0145870157569967,-0.0144260535966603,-0.0149972612128407,-0.0147994007048095,-0.0154713043490351,-0.0151198023186835,-0.0147139785970813,-0.0142441155610509,-0.0142691980399426,-0.0145233733306321,-0.0142300388855397,-0.0149997406382653,-0.0144394805762747,-0.0141256953385481,-0.0146917455232181,-0.0143199230642768,-0.0143091470253449,-0.0141900242036048,-0.014529330680297,-0.0147566755635464,-0.0142307069499778,-0.0148791671085067,-0.0149956987069126,-0.0144517394145687,-0.0158587768523286,-0.0151174203500935,-0.0148603232060984,-0.0136449380558423,-0.0152446455867838,-0.0150395802362823,-0.014813978849018,-0.0151174658780201,-0.0150748276932277,-0.0141986324957183,-0.0151418874819248,-0.015933313440527,-0.014451188921962,-0.014502423360606,-0.0142217454322288,-0.01418213629453,-0.0154149157200393,-0.014621147090059,-0.0126370944620936
-0.0197200049282565,-0.0209303508458912,-0.019162819100689,-0.0217149055315677,-0.0212178950851232,-0.0209874387502878,-0.0202583010507573,-0.0203665581004188,-0.0201401181277964,-0.0196784533171282,-0.0205473697269986,-0.0199382490532635,-0.0206953600799835,-0.0209012046007034,-0.0210249322562744,-0.0208776140396236,-0.01969530234998,-0.0213599149792961,-0.0207423827459624,-0.0208973926021123,-0.0204480046085733,-0.0207277658008923,-0.0197262777724607,-0.0206927242869944,-0.0208737339838521,-0.0208124125286285,-0.0210093672180512,-0.0198586701999656,-0.0198973932440631,-0.0199590149192567,-0.0208621092262651,-0.0199138839710334,-0.0221067916248679,-0.0210163693224138,-0.0210282762246935,-0.0206510773041547,-0.0206654165738849,-0.0201781787076082,-0.0205109234417724,-0.0211015506466468,-0.0204894700306149,-0.0200090189778981,-0.0192648421983354,-0.0200543114430142,-0.0208180293929406,-0.0204398250900689,-0.0202285330654713,-0.019742997115332,-0.0215282935686355,-0.0203612590130729
-0.0206777825671816,-0.0214305728513465,-0.0219798708164762,-0.0227388577010814,-0.0217273657658512,-0.0196199199620098,-0.0206028813348161,-0.0212590006369249,-0.0207669031813005,-0.0206065653793801,-0.0217628040528721,-0.0207657511046711,-0.0219350439454937,-0.0218879143961538,-0.021906462100082,-0.0214635644558436,-0.0204527065320974,-0.0220511645663407,-0.0215210154680416,-0.0216074757379837,-0.0216536818154311,-0.0213914185714545,-0.020224105888887,-0.0211990912119542,-0.0216122727255042,-0.021365514074588,-0.0217285498511202,-0.0208072113754246,-0.0206731489776209,-0.0208156916463838,-0.0215883175269485,-0.0207357285304868,-0.0227346042493052,-0.0218530317165244,-0.021394526736036,-0.0214549160753897,-0.0217120590457272,-0.0208523879599842,-0.0214758110917667,-0.0217449575378882,-0.021486943942027,-0.0206383984333567,-0.0201109269363878,-0.0209919437171265,-0.0214347599481332,-0.0214980895673727,-0.0204344184827533,-0.0207437636356599,-0.0223763275029631,-0.0211754452118005
-0.0215491727314891,-0.022613076288519,-0.0229190334986564,-0.0237738563982609,-0.0229853875938567,-0.0228122011643436,-0.0218805157237701,-0.0221628988464076,-0.0194598185586942,-0.0214546491663136,-0.0227830710922597,-0.0215259357395427,-0.0229377591859699,-0.0230890660158294,-0.0228409232478214,-0.0224420566064153,-0.0213362396903014,-0.0230459593272206,-0.0222179640100647,-0.0224321298756263,-0.0226137137435413,-0.0226809365266278,-0.0213368174549065,-0.0223442955137734,-0.0227008271715631,-0.0220441509301316,-0.0228312806440873,-0.0220100232008158,-0.0213550315433516,-0.0218580708606841,-0.0231457558080487,-0.0210371012328259,-0.0237820774292894,-0.0230238294250916,-0.0220393396425391,-0.0222964922168059,-0.0226863207320774,-0.0215306875273107,-0.0224379563778043,-0.0227909418358933,-0.0221343646681977,-0.0214590114720546,-0.0209103497535068,-0.0223907188858062,-0.0225827846267652,-0.0223324567036085,-0.0215349824759875,-0.0218046974337532,-0.0232918702061672,-0.0218604427101232
-0.0207376885573892,-0.0223986299144105,-0.0222555098285604,-0.0229515449001772,-0.0227419805497915,-0.0223912528199469,-0.0213670334645931,-0.0217280455921078,-0.0211008074403166,-0.0209666519214406,-0.0220243520597749,-0.0191618481280095,-0.0223011821339666,-0.0223768509189071,-0.0221823028262759,-0.0219238460342139,-0.0208843122785529,-0.0228656993874728,-0.021797930118419,-0.0220289728650878,-0.0216313300471817,-0.0220918726019613,-0.0210297817896348,-0.0224619569857046,-0.0222809941061171,-0.0221284447897015,-0.0223425000986748,-0.0214237712727537,-0.0209010221017946,-0.0212334528939139,-0.0221638202830356,-0.0206739355049883,-0.0234159616066792,-0.0225666640038963,-0.0220882798639612,-0.0217196190649481,-0.0223846183256481,-0.0212763406895458,-0.0218945424862122,-0.0221874294102396,-0.0217338545931877,-0.0208824568722306,-0.0202884502924024,-0.0216289593302184,-0.0220210560403227,-0.0217986566441505,-0.0211934558214635,-0.0208005784788688,-0.0227611919042055,-0.0213944605282943
-0.0216733415578604,-0.0228044546404483,-0.0231509143062533,-0.0235385763704259,-0.0228801519308118,-0.0226512497423482,-0.0217465347319578,-0.0224269905018742,-0.0214334196851216,-0.0216653177418144,-0.0226743517134768,-0.0216219209858819,-0.0229521021556669,-0.0227859995217207,-0.0209960542041292,-0.0223665487349504,-0.0215336558294977,-0.0232710218947264,-0.0222608838013214,-0.0225977238578851,-0.0229004299125588,-0.0226080647493405,-0.0213957234657174,-0.0223445438664301,-0.0225175738567656,-0.0220362361138769,-0.0229953675873487,-0.0217489968034507,-0.02164506084046,-0.0219257711877577,-0.0230067669772108,-0.0210339048906698,-0.0237271218178608,-0.023128781409328,-0.0222466962589037,-0.0224076825890891,-0.0228105809185204,-0.0216439972839693,-0.0225690576596584,-0.0224982853273862,-0.0223545356477898,-0.0213665180943801,-0.0209004350806234,-0.022098022509368,-0.0225691278120841,-0.0221316881879808,-0.0213085604061951,-0.0214916724228436,-0.023408638723905,-0.021778205485692
-0.02003508050832,-0.021404358417789,-0.0214561589213476,-0.022497985925648,-0.0217606355465186,-0.021433317963175,-0.0207322904565073,-0.0209064425639204,-0.0202707844567879,-0.0204545284320719,-0.0212000292912787,-0.0206402402630667,-0.0213676274501376,-0.0216058150767948,-0.0217761303526804,-0.021081555866809,-0.0202456893212355,-0.0197692916302131,-0.0212741671315879,-0.0213980877837776,-0.0211247975652342,-0.0212190536300666,-0.0201247060222344,-0.0211327913978274,-0.021585637528319,-0.0211076724537819,-0.0212971230860124,-0.0203858543108422,-0.0204006819626115,-0.020465732599636,-0.0215266749357523,-0.020084193476379,-0.0222362850696725,-0.0216146210974552,-0.0210404301914287,-0.021187156190497,-0.0212731276097546,-0.0207530105366763,-0.0212318794483227,-0.0213662001094022,-0.021141349798403,-0.0201435439461881,-0.0197646752364879,-0.0208720299634654,-0.0208748737513457,-0.021082059732619,-0.0204287308447243,-0.0202404210709308,-0.0222468264699313,-0.0208720753431258
-0.0206214542943012,-0.0226105673494352,-0.022431216752836,-0.0233178811205788,-0.0224702226492564,-0.0221649235748795,-0.0214082136308125,-0.0219627850384056,-0.02152208728637,-0.0211137490652829,-0.0218804713609606,-0.0212743782155568,-0.0222920111587173,-0.0221605493476476,-0.0223384171731979,-0.0221014397599818,-0.0210909836862752,-0.0230430722554724,-0.0221836953519327,-0.0223311604675518,-0.0196908506423684,-0.0221975233464178,-0.0210259496826745,-0.0219619537336553,-0.0222326405238692,-0.0225447662105465,-0.0221138747534171,-0.0210448237643266,-0.0215691868881022,-0.0210739980641405,-0.0220993815363333,-0.0214326986675383,-0.0232133200779865,-0.022353903358004,-0.0224240436537437,-0.0220054177581438,-0.0217633829652856,-0.0214698181549578,-0.0219530033834121,-0.022432557388333,-0.0222601801120452,-0.0212236130295987,-0.0205430856781199,-0.0212300845421151,-0.021841505355322,-0.0222053767185152,-0.0211625350821275,-0.0207997909694263,-0.0230461281695644,-0.021720877506767
-0.0203521374493701,-0.022082680908335,-0.0216879673224843,-0.0228616508165129,-0.0219692838358854,-0.0220031660484889,-0.0209884754821645,-0.0214323208790487,-0.0209144327998796,-0.0206301711281611,-0.0217085573587562,-0.0207234075898411,-0.0218469120333671,-0.0219864247007486,-0.0221390969925935,-0.0215955778039042,-0.0204446585647971,-0.0224341069568515,-0.021550950394073,-0.0221046123034821,-0.0216057729982949,-0.021687724158565,-0.0206337086547999,-0.0195622199320559,-0.0217913667901125,-0.0216176017204688,-0.0217348307058661,-0.0210161804652034,-0.0207186390510713,-0.0209582052400505,-0.0221022270381692,-0.0209766141112013,-0.0231022196801654,-0.0220675844226074,-0.0220854162847513,-0.0216185961268476,-0.021592690829405,-0.0211300500827315,-0.0213743513085888,-0.0218818682246998,-0.0213523629672662,-0.0206486191812002,-0.0201562105136188,-0.0210450517059278,-0.0214782920015465,-0.0214496429281662,-0.0205754703145646,-0.0209729445985989,-0.0227436710698731,-0.0213881576033928
-0.0195101571206949,-0.0208451350056617,-0.0210242252327368,-0.0220427087604738,-0.0211340874263229,-0.0209591689129711,-0.0200040540734626,-0.0204911427111874,-0.0199070639296557,-0.0196872342282601,-0.0207710637188095,-0.0198105852882209,-0.0206839575049039,-0.0208709073614025,-0.0210701642245167,-0.0209385947063162,-0.0196640987862086,-0.0213131366592986,-0.0209944682765282,-0.020672512384212,-0.0203754436649339,-0.0207511763979349,-0.0196268438736197,-0.0203507404549006,-0.0211345094684676,-0.0208220024795235,-0.0188381552236887,-0.0200317699679429,-0.0199927593359572,-0.0198013571029653,-0.020883992388583,-0.0200361284400377,-0.0219431057347757,-0.0210416013142794,-0.0209919472291333,-0.0206762451397415,-0.0204267122097308,-0.0201084657988042,-0.0206293532322243,-0.0207398544059493,-0.0205321739384243,-0.0198911169975734,-0.0192589548391555,-0.0200023996846291,-0.020538227898275,-0.0207778573607656,-0.0198689484646304,-0.0197505899367557,-0.021632976333314,-0.0202176079730227
-0.0201299611399625,-0.0218807429952738,-0.0219233801248043,-0.022694095013682,-0.0222672998867419,-0.0219689404295373,-0.0209294711139676,-0.0213941032567365,-0.0209784801982871,-0.0204862596279623,-0.0217308592924657,-0.0204590161072873,-0.0217734596102292,-0.0222554244475141,-0.0218993771094266,-0.0219099099040494,-0.0204372272496403,-0.0226792680286649,-0.0217430770023638,-0.021804482173409,-0.0214717539334847,-0.0217981430161383,-0.0204700452745481,-0.0214537476896717,-0.0219490280872224,-0.0219616304803958,-0.0218231642987336,-0.0208824913653072,-0.0204614447340477,-0.0185185546247578,-0.0219182705328792,-0.0205747591022728,-0.0227932769648557,-0.0222878479464012,-0.0219482648411627,-0.0215099116715449,-0.0215369863108794,-0.020884331825129,-0.0212542865048343,-0.0218800701233236,-0.0214137813484653,-0.0207444075121027,-0.0198316430524072,-0.0212212073366154,-0.0218775144128314,-0.0215439984662424,-0.0209874542227146,-0.0203165347398241,-0.022860455047071,-0.0209176567152011
-0.0193442804309462,-0.0203022057346734,-0.0205852044383987,-0.0211492805559681,-0.020768360682687,-0.0205317397992765,-0.0195476606370972,-0.0201318620565044,-0.019668320120544,-0.0190769399652719,-0.0206932769865503,-0.0196909959423418,-0.0206550864449747,-0.0205218958585714,-0.0205476546374733,-0.0202735694433422,-0.0194013780802616,-0.0209043405825233,-0.0201064836820241,-0.0205305642427131,-0.0201286448467931,-0.0203043645430296,-0.0193660122772542,-0.020087839460291,-0.0204481082724906,-0.0204859956200769,-0.0207291731443562,-0.0199538879424245,-0.0196049295676364,-0.0196372378728935,-0.0207735664427695,-0.0190539898534397,-0.0190267749942186,-0.0205149741482099,-0.0203314940467247,-0.0203079639570125,-0.0204446566307054,-0.0196787054455807,-0.020326311190513,-0.0204473923592047,-0.0203594340379183,-0.0195774346440651,-0.0187595317771898,-0.0196516167440903,-0.0203471894248864,-0.020433906215005,-0.0193517381478679,-0.0192598339310144,-0.0211060505272043,-0.0200476873810939
-0.0207271115222825,-0.0223627975077045,-0.0222888006256542,-0.0230692328627511,-0.0222876914061695,-0.0223038713138777,-0.0214548266111771,-0.0215463461646497,-0.0208250265101152,-0.0208230514676714,-0.0223385781369745,-0.0214059477851876,-0.0225312534471003,-0.0222560958050745,-0.0221879368948489,-0.0219156131544472,-0.0209654830207227,-0.0227027666799642,-0.0213196416083339,-0.0216976317429636,-0.0219523580903776,-0.0219843245094708,-0.0207736239873572,-0.0219144538350402,-0.0219862559260974,-0.0219579277227296,-0.0221945359248244,-0.0210298598655894,-0.0211259172468798,-0.0213374334585186,-0.0221642770978646,-0.0207200606148767,-0.0232332919048024,-0.0223067699876664,-0.0220135913279788,-0.0198154951960577,-0.0219904524746996,-0.0212438289340812,-0.0216853724482603,-0.0221167023021261,-0.021592826939775,-0.0210114787665037,-0.0205192631244795,-0.0213403582189363,-0.0219842732438329,-0.0216859151260493,-0.0211301501983504,-0.0207263756040706,-0.0228344905282949,-0.0213268151691541
-0.0213099414353652,-0.0233636550628187,-0.0230195211982326,-0.0240186281531258,-0.0233609361776397,-0.0228660741522008,-0.0223227910477897,-0.0224590399505379,-0.0219467800397683,-0.021814922379783,-0.0228687845407235,-0.0217319374539395,-0.0230556987210669,-0.0229816267371132,-0.0231803803572599,-0.0227078395251586,-0.0216346434067025,-0.02356190637045,-0.0227889593388519,-0.0228687516669215,-0.0224237040046801,-0.0226188382749472,-0.0216590881537171,-0.022678269926877,-0.0229219855575384,-0.023005897462396,-0.0229646367666333,-0.0218454364732929,-0.0218515484805455,-0.0216413221624227,-0.0230937238792318,-0.0219323164217905,-0.0239799450605221,-0.0233864371962711,-0.0230462941609252,-0.0225570924533875,-0.0225378743618539,-0.0223059487002631,-0.020603872061851,-0.0228938470782516,-0.0225097422723989,-0.0217723270273471,-0.0210185485902281,-0.0219216804381417,-0.0225801986747882,-0.0227136286952593,-0.0217107768799932,-0.021430053190503,-0.0239322394485534,-0.0224028495250979
-0.0221083781487715,-0.0239769665028658,-0.0238323146196903,-0.0248281877107471,-0.0239818023531706,-0.0239247565286306,-0.0227556879848341,-0.0231209113630237,-0.0225105139945215,-0.0224760113814793,-0.0239220424658289,-0.0225788524365989,-0.0239029599381304,-0.0240889382099546,-0.0240153026303902,-0.0234357651113778,-0.0221905514217168,-0.0242539391267834,-0.0234500502219016,-0.0237753386650954,-0.0232633772610921,-0.0236584921247738,-0.0221522707626942,-0.0235294362065218,-0.0234611680718503,-0.0230410231437583,-0.0238679054992184,-0.0227750228455783,-0.0223526880904454,-0.0225297840716766,-0.0236909993768306,-0.0220808014994472,-0.0247918315731353,-0.0241082790815598,-0.0233436250822898,-0.0235160765138142,-0.0236560862545367,-0.0228817036032127,-0.0234172711426335,-0.0234839789289301,-0.0235378357691392,-0.0202460935289096,-0.0218209347265818,-0.0232477015598465,-0.0232734446107127,-0.0235288184511082,-0.0226199890499946,-0.0223807082093809,-0.0246146194350812,-0.0231273130220645
-0.0214015928847388,-0.0231295579949538,-0.0236747928008679,-0.0242061751868036,-0.0234325471635173,-0.0233282372012291,-0.0223198298702106,-0.0227213651916015,-0.0221157880503175,-0.0221346423947086,-0.023598800406879,-0.0222849830388842,-0.0234691764545703,-0.0230162472862305,-0.0235906070821183,-0.0232045613541932,-0.0220186390910511,-0.0237935607945047,-0.0228669133976282,-0.0233697386967461,-0.0227888916031737,-0.0230291796796059,-0.0217655020624134,-0.022948696183733,-0.0230765069824285,-0.0228489428611126,-0.0234380013328963,-0.021831534125685,-0.0220969623826337,-0.0222616510154446,-0.0233621137771772,-0.0220933389087915,-0.0241730771874525,-0.023346149969971,-0.0230425232521471,-0.0229814504347145,-0.0229209168241876,-0.0221992659624372,-0.0227706937270513,-0.0230369095140494,-0.0230196102139729,-0.0219951919068899,-0.0214319322061872,-0.0221466803115891,-0.0206524739599329,-0.0231596919223317,-0.0217593506981151,-0.0216803266581186,-0.0237726095532812,-0.022490127244775
-0.0212626560903715,-0.0226899675852682,-0.0228740829076623,-0.0237229921705145,-0.0230548510453329,-0.0228991771486642,-0.0217273097650821,-0.0222239152154291,-0.021673037813466,-0.0216908477591263,-0.0227154251106986,-0.0217055260670204,-0.0226693647471378,-0.0228812598148694,-0.0229516005691614,-0.0226522043330717,-0.0213846843190591,-0.0232855277029502,-0.0226232054792863,-0.0224120989397114,-0.0224865690152626,-0.0225996720333722,-0.0213485993797557,-0.0224946857841398,-0.0226769674931799,-0.0224959362490578,-0.0226989637325075,-0.0217378895054305,-0.0216725132996992,-0.0216271079054996,-0.0225814648484626,-0.0212542586632752,-0.023753267539753,-0.0229045794659142,-0.0225480799568017,-0.0224078761450111,-0.0225697471427312,-0.0217305091645175,-0.0223738178241927,-0.0225381589557357,-0.0222644603529454,-0.0216451035014312,-0.0209607999567655,-0.0218527639069526,-0.0225457556333958,-0.0222708567516201,-0.021703847093537,-0.019362918232841,-0.0237459389457442,-0.0221297819998353
